[
    {
      "name": "F",
      "id": "f",
      "value": 0,
      "color": "#FF0000"
    },
    {
      "name": "D",
      "id": "d",
      "value": 1,
      "color": "#FF7F00"
    },
    {
      "name": "C",
      "id": "c",
      "value": 2,
      "color": "#FFFF00"
    },
    {
      "name": "B",
      "id": "b",
      "value": 3,
      "color": "#00FF00"
    },
    {
      "name": "A",
      "id": "a",
      "value": 4,
      "color": "#0000FF"
    },
    {
      "name": "S",
      "id": "s",
      "value": 5,
      "color": "#4B0082"
    },
    {
      "name": "S+",
      "id": "splus",
      "value": 6,
      "color": "#4B0082"
    },
    {
      "name": "SS",
      "id": "ss",
      "value": 7,
      "color": "#9400D3"
    },
    {
      "name": "SSS",
      "id": "sss",
      "value": 8,
      "color": "#FF00FF"
    },
    {
      "name": "P",
      "id": "p",
      "value": 9,
      "color": "#FF00FF"
    },
    {
      "name": "Delta",
      "id": "delta",
      "value": 10,
      "color": "#FFFFFF"
    },
    {
      "name": "Infinity",
      "id": "infinity",
      "value": 11,
      "color": "#000000"
    },
    {
      "name": "Nu",
      "id": "nu",
      "value": 12,
      "color": "#000000"
    },
    {
        "name": "Infinity+",
        "id": "infinityplus",
        "value": 13,
        "color": "#000000"
    },
    {
        "name": "Nu+",
        "id": "nuplus",
        "value": 14,
        "color": "#000000"
    },
    {
        "name": "The Recurse",
        "id": "therecurse",
        "value": 15,
        "color": "#000000"
    },
    {
        "name": "Finale Gradiani",
        "id": "finalegradiani",
        "value": 16,
        "color": "#000000"
    },
    {
        "name": "Finali Gradiani",
        "id": "finaligradiani",
        "value": 17,
        "color": "#000000"
    },
    {
        "name": "Omega",
        "id": "omega",
        "value": 18,
        "color": "#000000"
    }
  ]